{
    "metrics": {
        "http_req_sending": {
            "avg": 0.000677232,
            "min": 0,
            "med": 0,
            "max": 3.6555,
            "p(90)": 0,
            "p(95)": 0,
            "p(99)": 0
        },
        "iterations": {
            "rate": 498.9280444484165,
            "count": 150000
        },
        "http_req_duration": {
            "p(90)": 1.6387,
            "p(95)": 3.1495,
            "p(99)": 16.153643000000134,
            "avg": 1.0428666473333343,
            "min": 0,
            "med": 0.5091,
            "max": 92.823,
            "thresholds": {
                "p(95)<800": false,
                "p(99)<1200": false,
                "max<1500": false,
                "avg<600": false
            }
        },
        "http_req_failed": {
            "passes": 720,
            "fails": 149280,
            "thresholds": {
                "rate<0.20": false
            },
            "value": 0.0048
        },
        "checks": {
            "passes": 299280,
            "fails": 720,
            "value": 0.9976
        },
        "data_received": {
            "count": 37170720,
            "rate": 123636.76426893094
        },
        "iteration_duration": {
            "p(90)": 1002.1768099999999,
            "p(95)": 1003.94764,
            "p(99)": 1023.2561790000001,
            "avg": 1001.6227838560173,
            "min": 1000,
            "med": 1000.7433,
            "max": 1093.076
        },
        "http_req_blocked": {
            "avg": 0.0012608759999999982,
            "min": 0,
            "med": 0,
            "max": 1.8895,
            "p(90)": 0,
            "p(95)": 0,
            "p(99)": 0
        },
        "data_sent": {
            "count": 11345280,
            "rate": 37736.522427464864
        },
        "vus_max": {
            "min": 500,
            "max": 500,
            "value": 500
        },
        "http_req_connecting": {
            "avg": 0.0010008473333333312,
            "min": 0,
            "med": 0,
            "max": 1.541,
            "p(90)": 0,
            "p(95)": 0,
            "p(99)": 0
        },
        "http_req_duration{expected_response:true}": {
            "p(95)": 3.1583,
            "p(99)": 16.208225999999915,
            "avg": 1.0478965507770643,
            "min": 0,
            "med": 0.5093,
            "max": 92.823,
            "p(90)": 1.6447
        },
        "http_req_tls_handshaking": {
            "p(90)": 0,
            "p(95)": 0,
            "p(99)": 0,
            "avg": 0,
            "min": 0,
            "med": 0,
            "max": 0
        },
        "http_req_receiving": {
            "avg": 0.022368016000000036,
            "min": 0,
            "med": 0,
            "max": 4.5939,
            "p(90)": 0,
            "p(95)": 0,
            "p(99)": 0.5955
        },
        "http_reqs": {
            "count": 150000,
            "rate": 498.9280444484165,
            "thresholds": {
                "rate>1": false
            }
        },
        "http_req_waiting": {
            "avg": 1.0198213993333383,
            "min": 0,
            "med": 0.5067,
            "max": 92.823,
            "p(90)": 1.6124100000000006,
            "p(95)": 3.0977249999999943,
            "p(99)": 16.139306000000097
        },
        "vus": {
            "value": 500,
            "min": 500,
            "max": 500
        }
    },
    "root_group": {
        "id": "d41d8cd98f00b204e9800998ecf8427e",
        "groups": {},
        "checks": {
                "status 200": {
                    "name": "status 200",
                    "path": "::status 200",
                    "id": "fad9fa412b86fcb03bee97c80dcd61f1",
                    "passes": 149280,
                    "fails": 720
                },
                "tempo < 800ms": {
                    "path": "::tempo < 800ms",
                    "id": "d83e181787e25b984b609d5d912f76b0",
                    "passes": 150000,
                    "fails": 0,
                    "name": "tempo < 800ms"
                }
            },
        "name": "",
        "path": ""
    }
}