{
    "metrics": {
        "vus_max": {
            "value": 500,
            "min": 500,
            "max": 500
        },
        "data_sent": {
            "count": 11380164,
            "rate": 37867.29253713156
        },
        "http_req_receiving": {
            "max": 2.45,
            "p(90)": 0,
            "p(95)": 0,
            "p(99)": 0.517,
            "avg": 0.015258530000000018,
            "min": 0,
            "med": 0
        },
        "http_req_blocked": {
            "max": 9.3676,
            "p(90)": 0,
            "p(95)": 0,
            "p(99)": 0,
            "avg": 0.002979032666666663,
            "min": 0,
            "med": 0
        },
        "http_req_sending": {
            "min": 0,
            "med": 0,
            "max": 8.0665,
            "p(90)": 0,
            "p(95)": 0,
            "p(99)": 0,
            "avg": 0.0012037613333333336
        },
        "data_received": {
            "count": 37285011,
            "rate": 124065.20844402313
        },
        "http_req_waiting": {
            "max": 92.8965,
            "p(90)": 2.5906,
            "p(95)": 3.7097,
            "p(99)": 8.281,
            "avg": 1.1824450839999787,
            "min": 0,
            "med": 0.5117
        },
        "http_reqs": {
            "count": 150000,
            "rate": 499.12232201308643,
            "thresholds": {
                "rate>1": false
            }
        },
        "http_req_failed": {
            "fails": 149739,
            "passes": 261,
            "thresholds": {
                "rate<0.20": false
            },
            "value": 0.00174
        },
        "http_req_duration": {
            "p(99)": 8.285329000000026,
            "avg": 1.1989073753333124,
            "min": 0,
            "med": 0.5123,
            "max": 93.4946,
            "p(90)": 2.5971400000000027,
            "p(95)": 3.7225,
            "thresholds": {
                "p(95)<800": false,
                "p(99)<1200": false,
                "max<1500": false,
                "avg<600": false
            }
        },
        "http_req_duration{expected_response:true}": {
            "max": 93.4946,
            "p(90)": 2.5985,
            "p(95)": 3.727,
            "p(99)": 8.2882,
            "avg": 1.2009971103052437,
            "min": 0,
            "med": 0.5123
        },
        "checks": {
            "passes": 299739,
            "fails": 261,
            "value": 0.99913
        },
        "vus": {
            "value": 500,
            "min": 500,
            "max": 500
        },
        "iteration_duration": {
            "avg": 1001.5937739573478,
            "min": 1000,
            "med": 1000.8687,
            "max": 1094.5724,
            "p(90)": 1003.04481,
            "p(95)": 1004.1708,
            "p(99)": 1010.6067
        },
        "http_req_connecting": {
            "p(95)": 0,
            "p(99)": 0,
            "avg": 0.0020720886666666647,
            "min": 0,
            "med": 0,
            "max": 6.1454,
            "p(90)": 0
        },
        "http_req_tls_handshaking": {
            "p(90)": 0,
            "p(95)": 0,
            "p(99)": 0,
            "avg": 0,
            "min": 0,
            "med": 0,
            "max": 0
        },
        "iterations": {
            "count": 150000,
            "rate": 499.12232201308643
        }
    },
    "root_group": {
        "name": "",
        "path": "",
        "id": "d41d8cd98f00b204e9800998ecf8427e",
        "groups": {},
        "checks": {
                "status 200": {
                    "name": "status 200",
                    "path": "::status 200",
                    "id": "fad9fa412b86fcb03bee97c80dcd61f1",
                    "passes": 149739,
                    "fails": 261
                },
                "tempo < 800ms": {
                    "name": "tempo < 800ms",
                    "path": "::tempo < 800ms",
                    "id": "d83e181787e25b984b609d5d912f76b0",
                    "passes": 150000,
                    "fails": 0
                }
            }
    }
}